test_loglikelihood,test_conc,test_ibs,test_inll
0,-0.4741871953010559,0.6036875960084458,0.06709759063097412,0.2181720926846991
