test_loglikelihood,test_conc,test_ibs,test_inll
0,-0.4527607262134552,0.6005102926312262,0.06871218935460015,0.22559624626947533
