test_loglikelihood,test_conc,test_ibs,test_inll
0,-0.45549964904785156,0.5993354438693179,0.03795498692312597,0.14167470936433368
