test_loglikelihood,test_conc,test_ibs,test_inll
0,0.42851558327674866,0.6360265077983801,0.189855106216824,0.5536977375716367
