test_loglikelihood,test_conc,test_ibs,test_inll
0,-0.6494749188423157,0.6311334462441112,0.190700789477915,0.5614764847571612
