test_loglikelihood,test_conc,test_ibs,test_inll
0,0.16364313662052155,0.6783365878930379,0.1562961883578144,0.46884518295080185
