test_loglikelihood,test_conc,test_ibs,test_inll
0,0.25218144059181213,0.6250149444068067,0.16824142592089683,0.5044819278841715
