test_loglikelihood,test_conc,test_ibs,test_inll
0,0.11836661398410797,0.6867957212766879,0.15220410409935056,0.45735009176456015
