,test_conc,test_ibs,test_inll
0,0.5937595847985818,0.20924856828894317,0.6091362227063626
