,test_conc,test_ibs,test_inll
0,0.5956225255615026,0.10722374638551367,0.35016416432549813
