,test_conc,test_ibs,test_inll
0,0.5877617103071126,0.20812388979001648,0.6067404657554791
