,test_conc,test_ibs,test_inll
0,0.4119752668409999,0.649260684405228,6.571205642695069
