,test_conc,test_ibs,test_inll
0,0.40303066425206957,0.5826775667487558,5.402118941797128
