,test_conc,test_ibs,test_inll
0,0.5820549013621791,0.07786208515690324,0.2582444184464533
