test_loglikelihood,test_conc,test_ibs,test_inll
0,0.36497947573661804,0.8059021746163686,0.10059771272318699,0.32892961328273934
