test_loglikelihood,test_conc,test_ibs,test_inll
0,0.3615717887878418,0.8062904100861584,0.10048421851522434,0.32867420752151755
