test_loglikelihood,test_conc,test_ibs,test_inll
0,0.10796941071748734,0.6813722605436905,0.15114841947035806,0.45536618412100827
