test_loglikelihood,test_conc,test_ibs,test_inll
0,0.13246425986289978,0.6807207458533949,0.15275280359984914,0.4596366890300589
