test_loglikelihood,test_conc,test_ibs,test_inll
0,0.36224672198295593,0.8014118386623695,0.09658194510380197,0.32008586457528787
