test_loglikelihood,test_conc,test_ibs,test_inll
0,-0.5904302597045898,0.577297708835686,0.1992080076068468,0.5794521578197137
