test_loglikelihood,test_conc,test_ibs,test_inll
0,0.4238385260105133,0.792047891129482,0.11079141890425914,0.3578474345299112
