test_loglikelihood,test_conc,test_ibs,test_inll
0,0.42352256178855896,0.7857766693259184,0.11078361655087643,0.3593572248973099
