test_loglikelihood,test_conc,test_ibs,test_inll
0,0.44536957144737244,0.6405199521096742,0.18724724511668148,0.5478221381813151
