test_loglikelihood,test_conc,test_ibs,test_inll
0,-0.6684903502464294,0.6283540838082892,0.1903252380779893,0.5598000700718881
