test_loglikelihood,test_conc,test_ibs,test_inll
0,0.37968364357948303,0.558421044884312,0.17756137284571402,0.5315416353300445
