test_loglikelihood,test_conc,test_ibs,test_inll
0,0.0792650505900383,0.5438878896043412,0.16367135338726918,0.49028125405317924
