test_loglikelihood,test_conc,test_ibs,test_inll
0,0.346589595079422,0.6840766801901706,0.17370273439943698,0.5137487524337125
