test_loglikelihood,test_conc,test_ibs,test_inll
0,-3.7448525428771973,0.6445999368956365,0.15969274632441727,0.4818201235612769
