test_loglikelihood,test_conc,test_ibs,test_inll
0,-2.29512095451355,0.7906153568159682,0.09896305253414477,0.3275384522665251
