test_loglikelihood,test_conc,test_ibs,test_inll
0,0.08782470971345901,0.684419325852821,0.15337971795657068,0.46175165135575924
