test_loglikelihood,test_conc,test_ibs,test_inll
0,-0.6126514673233032,0.6271604798853186,0.19171219938397271,0.5635020705473424
