test_loglikelihood,test_conc,test_ibs,test_inll
0,0.35432296991348267,0.8014147130216399,0.09833429096500573,0.3244687551672809
