test_loglikelihood,test_conc,test_ibs,test_inll
0,0.4014194905757904,0.7957794151440202,0.09858798495233041,0.33089802210913194
