test_loglikelihood,test_conc,test_ibs,test_inll
0,0.37466177344322205,0.7956372470037059,0.09873953586332264,0.3263273070376319
