test_loglikelihood,test_conc,test_ibs,test_inll
0,0.38197633624076843,0.7864345649021479,0.0990150680476926,0.32883551811277684
