test_loglikelihood,test_conc,test_ibs,test_inll
0,0.35300418734550476,0.7996850479093542,0.09797811047084941,0.32358557752841177
