test_loglikelihood,test_conc,test_ibs,test_inll
0,-0.3041023015975952,0.6947462349108474,1.4821151509636364e-09,3.348555763225071e-05
