test_loglikelihood,test_conc,test_ibs,test_inll
0,-0.5124375820159912,0.6731215207406104,0.051507369432835175,0.16471909362252748
