test_loglikelihood,test_conc,test_ibs,test_inll
0,0.14744077622890472,0.6669326948656558,0.1549240939759056,0.46944323333082183
