test_loglikelihood,test_conc,test_ibs,test_inll
0,0.48974180221557617,0.6275079926848843,0.19058633025026026,0.5559786255704399
