test_loglikelihood,test_conc,test_ibs,test_inll
0,0.3829279839992523,0.797690553317267,0.10204656891098253,0.3355616945073837
