test_loglikelihood,test_conc,test_ibs,test_inll
0,0.6400042176246643,0.5640748664190414,0.2574102943457527,1.0298438791313156
