test_loglikelihood,test_conc,test_ibs,test_inll
0,0.23316431045532227,0.5667308514568106,0.21314505850484283,0.6269298164618659
