test_loglikelihood,test_conc,test_ibs,test_inll
0,-0.5904911756515503,0.6246433235698766,0.1868454677330956,0.5521084611385371
