test_loglikelihood,test_conc,test_ibs,test_inll
0,-0.5568464994430542,0.6106169593279794,0.1968113344300113,0.5741526489270389
