test_loglikelihood,test_conc,test_ibs,test_inll
0,0.1095496118068695,0.6772415969115982,0.15042526667768047,0.45403992668692067
