test_loglikelihood,test_conc,test_ibs,test_inll
0,0.3675014078617096,0.8062257041745268,0.10021566059477562,0.3281826640140815
