test_loglikelihood,test_conc,test_ibs,test_inll
0,0.35934746265411377,0.8085053432150874,0.10003023722940751,0.3270650262973486
