test_loglikelihood,test_conc,test_ibs,test_inll
0,0.4310186207294464,0.6506242846053653,0.1852360594980096,0.5429503898205713
