test_loglikelihood,test_conc,test_ibs,test_inll
0,0.48301270604133606,0.6392042838159643,0.1871040997765127,0.5478457529211291
