test_loglikelihood,test_conc,test_ibs,test_inll
0,0.354891300201416,0.8052949345225948,0.09910771445763264,0.3248947004831042
